ids,sentence,sentiment
hin_379,मैथिली हमारी पहचान और गर्व है जय मिथिला जय मिथिलावाशी जय बिहार❤️,positive
hin_210,Bolo Banke bihari lal ki jay 🇮🇳🇮🇳🇮🇳🇮🇳🇮🇳🇮🇳❤❤❤❤❤❤,positive
hin_479,Maithili her baat pr chee or chai kyu lagate hai Plzzzz tell me,negative
hin_491,भाई जितनी प्रसंशा की जाए आप दोनों की उतनी कम है । ।,positive
hin_234,Bahut badiya bhaiya jai bihar ❤️❤️❤️❤️❤️🙏🙏🙏,positive
hin_073,"Sir apka es video se  student ko  Etna prena mile hai  ki , student  nokari ke lia ankh se aanshu nahi khun nikal kar padhae karega .",positive
hin_508,"Anpadh hai. paisa hone se budhi nahi ho jata hai. Jat paat pr bhi gana banata hai. Sb Paisa kamao mna nahi hai. Lekin sahi gana gao. Nirgun from bharat sharma ,gopal rai aur bahut log hai. Ye sb bihar ko aur badnam kea hai.",negative
hin_161,वीडियो आपको कैसा लगा कॉमेंट करके ज़रूर बताइएगा। और साथ ही वीडियो को लाइक भी कीजिएगा और अगर पहली बार इस चैनल पे आए है तो भैया जी सब्सक्राइब भी कर ही दीजिए ठीक है। धन्यवाद।,positive
hin_543,whole song is op vishwa bhaiya but last wala ae jindgi meri is something else .. goosebumps aa gye the us line ke baad....    bhut purana subscriber nhi bhut purana supporter hoon....,positive
hin_361,भाई लोग अंतिम में दुश्मन से भी बढ़कर होते हैं यह बात सही है ना भैया,negative
hin_195,bhaiya isme koi bhi category ke student apply kar sakte hai?🤔,positive
hin_108,Dekho bhai tumlog 2% _4% ho all india me tik hai aur jayada forward forward mat khel,negative
hin_477,एकदम जबरदस्त बहुत अच्छा लिखा गया बहुत अच्छा डायरेक्ट भी किया सारे कलाकारों ने अच्छी एक्टिंग और सबसे बेस्ट पार्ट लास्ट वाला भारत माता की जय जय हिंद ❤️❤️❤️,positive
hin_529,"जाति ना पूछो साधु की,पूछ लीजिए ज्ञान...              Support khan sir👍👍👍",positive
hin_349,Jai mata di. Best ever,positive
hin_167,Salad bakwas kar raha hai,negative
hin_376,Om,positive
hin_240,Exame se pahle answers key out ho jata hai. Padh likh ke time barbad,negative
hin_486,सभी माताओं के चरणों मे कोटि-कोटि प्रणाम 🙏🏽🙏🏽🙏🏽🌱🌱🌱.,positive
hin_548,Bahut bhariya bhaiya jee love from hilsa💙💙💙,positive
hin_147,Lagta hai glti se ye video YT pe dal gya hai... Bhejna khi aur tha...😅😅,negative
hin_289,Khan Sir I Love You ❤️😍❤️ Dil Ki गराइयों से।,positive
hin_532,वास्तव मे  दिल को छू जाने वाली short story. आज एक मध्यम वर्ग का परिवार जिसके यहाँ किसी भी प्रकार की कोई  वित्तिय सहायता नहीं है उस परिवार के होनहार बच्चों का भविष्य अंधकारमय  हो जाता है इस अंधकार को दूर करने के लिए जैसा कि  इस  विडियो के माध्यम हमारे  मगधी भाईयों ने पटना में super- 30 जो कि एक free education institute है और बहुत ही बेहतरीन कार्य कर रही है ... ❤️❤️❤️,mix
hin_520,Bhai mast video hai aapki,positive
hin_175,Ham aapke sath hai full sport 👍🙏,positive
hin_069,Rohit Sharma aur Rishbh pant को team India से बाहर निकालो कोई भी match मे नहीं चला ये लोग।,negative
hin_414,Jai maadi,positive
hin_054,कोरोना को भयावह बनाने के लिए मीडिया को जबाब देना पड़ेगा। शमशान भूमि की झूठी तसवीर दिखा कर लोगो का जीना मुहाल कर दिया है ये लोग। इतना ही नहीं मेन स्ट्रीम मीडिया के साथ साथ यूट्यूब न्यूज़ चैनल भी उसी रास्ते पर चलकर नरक किये हुए है।,negative
hin_441,Kaini khilao baba ji😂😂😂 👍,positive
hin_454,Sir sach me aap bhut bhut achha gaye ho .,positive
hin_096,Rajesh kumar up,neutral
hin_539,Khan sir jinda baad ❤️❤️❤️❤️❤️❤️🔥🔥🔥🔥🔥,positive
hin_553,khan sir ka interview  Bhaiya  plz.... 🙏🙏🙏🙏🙏🙏🙏🙏🙏💞💞💞🔥🔥🔥🔥🔥🔥🔥🔥🔥🔥🔥🔥🔥🔥,positive
hin_302,Kantap,positive
hin_364,बहुत नीक 👌,positive
hin_076,Jio mere dost,positive
hin_258,Confuse talk ka second episode laiye bhaiya,positive
hin_267,"सही कहा भैया आपने जो बाढ़ के समय हमारा साथ दिया ,कोरोना के समय हमारा साथ दिया, गुजरात से भगाया जा रहा था बिहारियों को तो हमारा साथ दिया, उसको चुनाव में हरा दिया गया यहां तक कि उसे मदद करने का फल जेल मीला",mix
hin_142,Ekdam जमीनी स्तर का बात बोल दिए भैया❤️😮,positive
hin_391,Dhoni ek akela nhi tha jis se match ya wc jittti thi bharat,positive
hin_366,चाचा जी को मेरा प्रणाम भैया जी बताने के लिए बहुत-बहुत आभार🙏😍,positive
hin_518,"साथ आइये, आवाज़ उठाइये✊️✊️✊️ #JUSTICE_WITH_SSR 🙏🙏🙏",positive
hin_493,"भैया, ..... लीना वाला तो कंप्लीट कर दीजिए। 😃🙏",positive
hin_197,Jai shree ram madhu ji,positive
hin_374,Tension mat le beta Tera baap sab jugad krega,negative
hin_315,Kon Kon dilip g ko like karte ho,neutral
hin_367,"Jai Mata Dee, Har Har Mahadev.",positive
hin_343,Jii maza aaya..... I love keshav bhaiya's voice🙏,positive
hin_118,Khan sir jindabaad hai or rahenge 👍👍👍👍🔥🔥🔥🔥🔥🔥❤️❤️❤️❤️❤️❤️,positive
hin_375,Waah ❤️ Bhaiya,positive
hin_407,Naale  me  kachra phke ge  to  Ky  hoga,negative
hin_489,Super song bhabhi ji jay mithila jay maithili madhubani se 🙏🙏,positive
hin_377,"सारी की सारी गलती गाड़ी चलाने वाले की है सर जी। पटना का बेस्ट ओवरब्रिज है ये । दिन रात इसी पुल से आना जाना रहता है मेरा, मजा आता है ड्राइव करने में इसपर",mix
hin_124,Bahut Sundar video,positive
hin_496,"बहुत सुंदर प्रस्तुति , शुभकामनाएं ❤️❤️",positive
hin_388,आपको इस तरह सच्चाई बताने के लिए सादर प्रणाम,positive
hin_109,"Ek suggestion hai, dukan ka gps location bhi daal do description main",positive
hin_192,आपका का तेजस्वी भाषण आपको जरूर एक दिन बड़ी ऊंचाइयों को लेकर जाएगा ❤️❤️,positive
hin_362,बेरोजगारों_की_ताली_थाली...  5 सितम्बर शाम 5 बजे 5 मिनट...   जितने भी बेरोजगार युवा साथी सरकार द्वारा भर्ती प्रक्रिया मे लेटलतीफी को लेकर परेशान हैं और अपने मन की बात सरकार तक पहुँचाना चाहते हैं उन सभी साथियों से कहना चाहता हूँ कि आने वाले 5 सितम्बर को शिक्षक दिवस के शुभ अवसर पर PM द्वारा ही अपनाए गए तरीके का इस्तेमाल करते हुए पूरे देश में शाम 5 बजे 5 मिनट ताली-थाली बजायें जिससे कि बेरोजगार युवाओं की आवाज सरकार तक पहुँच सके...क्योंकि यह सरकार ताली-थाली की ही भाषा को समझती है।   इसलिए सभी प्रतियोगी छात्रों से गुजारिश है कि इस मुहिम को गम्भीरता से लें और आने वाले 5 सितम्बर को शाम 5 बजे 5 मिनट 'बेरोजगारों की ताली-थाली' का हिस्सा जरूर  बनें।  इस संदेश को अधिक से अधिक शेयर करें और इस मुहिम को  #बेरोजगारों_की_ताली_थाली... 5 सितम्बर शाम 5 बजे 5 मिनट का नाम दें।  सोशल मीडिया के प्रत्येक प्लेटफार्म पर-   #बेरोजगारों_की_ताली_थाली... 5 सितम्बर शाम 5 बजे 5 मिनट  trending मे कर दीजिये।               *प्रतियोगी छात्र एकता जिन्दाबाद*,negative
hin_103,"अगर  वीडियो अच्छा लगे तो एक शेयर जरूर कर दीजियेगा, जहां और यूटूबर्स के सपोर्ट में लोग उनके व्यू को 100 M तक पहुँचा देते हैं, थोड़ा ज़ोर लगाकर आपलोग भी इसको लाख के पार ले जाइए 🙏🙏 इस से हमें हौसला मिलेगा और हम अच्छी अच्छी वीडिओज़ और वेब सिरीज़ लाएंगे",mix
hin_396,Sita ji ke freind's ko maithili Sanskrit grammar bahut aata tha,positive
hin_510,जाति जनगणना की चर्चा हर कोई कर रहा है| कुछ इसके पक्ष में तो कुछ विपक्ष में| क्यों?  आखिर इससे क्या हानि है?   इस पर वीडियो बनाना अच्छी बात तब होती जब एक वीडियो EWS के आरक्षण पर भी बनाते!,negative
hin_057,kaun sa village gaye ho  Dr Raman?,negative
hin_080,Mast Acting right side wale. Ek dam natural,positive
hin_268,Detail video Educational aur health sistem par banayeeye...,positive
hin_193,हिंदी दिवस की शुभकामनाए  लेकिन बतियाए अपने क्षेत्रीय भाषा में ♥️,positive
hin_399,"जीव जंतुओं के साथ मानवता पूर्ण प्रेम अत्यधिक प्रभावित करता है,अतिसुंदर 👍🙏🙏",positive
hin_585,"बहुत ही ज्यादा मेहनत करते हैं आप, काम देख के दिख जाता है।",positive
hin_513,"Wah bhai.....Ek dum Jabardast ....... Tor login k Video dekh k ek dum seena chaura ho ja hai.........""Magahi"" k naam aisa hi uuncha kara.  Khub aage badha.  Bahut bahut subhkamna👌👌👌🙏🙏🙏",positive
hin_383,Wah bhai thanks,positive
hin_327,"साला ये समझ में नहीं आ रहा कि, ये सही बोल रहे हैं की dailogue मार रहे हैं।😇 😄😂",negative
hin_070,शानदार जवार्दस्त jindabad❤️❤️🌹🌹🌹👌👌,positive
hin_081,Sala tumlog tej banta h re जनगणना से तुमको क्यूं फट रही है जिसकी जितनी संख्या उतनी भागिदारी तुमलोग अपर कास्ट का हो कभी निचले वर्ग के नहीं सकते  और जो निचले वर्ग तुमको सपोर्ट करता है या फौलो करता है वो लोग जिवन में सबसे बड़ी भुल कर रहें हैं जागो बहुजन जागो👍,negative
hin_300,Jai magadh jay bihar....proud hai aaplog pe,positive
hin_135,धन्य हो प्रभु आपका आपके जैसा कोई और youtub पे नहीं video बनाने बाला नहीं आपका बोलने का अंदाज world ka no 1  दिल से आपको सलाम कोसीस कीजिए कि ये वीडियो कोई National News तक पहुंच जय और वो आपने चैनल पे बार बार दिखाए और बिहार सरका और भारत सरकार का आंख खोलने का प्रयास करे🙏🙏,positive
hin_211,"जरा सोचिए क्या बीतता होगा उन लोगो पर जिनके घर मैं ऐसा हुआ होगा ,सोचिए जरा की उनके भी बच्चे और परिवार होंगे आपके जैसे 🙏🙏🙏🙏",negative
hin_308,छछन के रह जाओ गी  पलट के नहीं देखेंगे 😅,negative
hin_291,"Bihar m sbse jyada bhai Maithili Bolaa Jata hai smjhe,,,phle pdh lo jaakr",negative
hin_215,Bihar me IT SECTOR ka park banwao aur waha ka video bnao..aur acha lagega.. Ye faltu ki chamchagiri kab se krne lge tum log?,neutral
hin_132,इतनी कम उम्र का लड़का इतना कुछ कर दिया ।। इसके इस प्रतिभा के आगे नतमस्तक ।। 🙏🙏,positive
hin_473,छठीमाताकिजायेरामरामशुभकमना,positive
hin_091,Jio magadh ke sher😃💛🧡❤,positive
hin_410,"Bihar ke ek dhur zameen na bechbayee Bhale Kashmir mein ketno Sasta zameen Mil jaaye , Ki bahiwa Magadh se Badhiya Koi Jagah na ho",mix
hin_373,Jai Magadh jai bihar jai hind 🙏🏼🙏🏼,positive
hin_232,Bhot achha brother.... Proud to be Bihari....,positive
hin_214,इंडस्ट्री इन बिहार।। जय बिहार,positive
hin_521,jai ho mithila bhumi,positive
hin_350,Ye humari bhasa h magahi❤️,positive
hin_200,Kaan mein बाबासीर ho gaya ye sab gana sun sun ke. Sir अश्लीलता ki had ho gayi hai,negative
hin_431,_#_हम__☠_नही... 🤘👊  #_हमारा_नाम_शोर_मचाता_है 💪😎                 👑 युवा बिहारी संस्कारी पसवानजी  चौहरमल👑,positive
hin_130,Meri bachpan ki yaad taja ho gai I love this song,positive
hin_283,आज मुझे भी अपने नींबू पेड़ पर नाज होने लगा है। मस्त भाई... किशोर कुमार की याद ताजा कर दी। धीरे धीरे आप निखर कर हीरा बन रहे है। जियो हो बिहार के लाला....,positive
hin_430,"मूल मुद्दे से भटकाने मे हमारे ""P.M पनौती"" का कोई जवाब नही- आप नौकरी की बात करोगे वह ""मोर"" को दाना खिलायेंगे, आप GDP की बात करोगे वह ""PUBG"" बैन कर देंगे..! है न अद्भुत यारो? 👇👇",negative
hin_111,Aap to kuchh din pahle bole the ki aab isspe video nahi banayega aab ham bahut bada star ho gaye hai sirf TVF pe video banayega 🤔,positive
hin_495,अति सुंदर पारंपरिक सामा चकेवा गीत।,positive
hin_401,हेलो माधव भैया जी के गीत गावे चाहिए,positive
hin_166,"कुछ तो बोलिए ? सर, बेरोजगार छात्र के लिए चाइना और पाकिस्तान से ज्यादा खतरनाक है, #SSC #RRB और मीडिया। #YuvaDislikeModi #RRBExamDates  #SpeakUpforSSCRailwaysStudends  #Mppolicebhartido  #SpeakUp",negative
hin_233,Gajab bhai,positive
hin_494,ऐसे विडियो और बनाइए और साथ हि लोगो को प्रोमोट कीजिए की वो सामने आए और खुल के बताए।।।नाम लेे के बताईए।।।अब पानी सर के ऊपर चला गया है।।।,mix
hin_266,आज जान के खुसी हो रही है कि लोग जागरूक हो रहा है ll,positive
hin_460,Wisa waisa dher Sara bchha ke future barabd hot hai . Usse vhi jayd youth ka,negative
hin_448,Ye song aur aapka aavaj dil ko chu gaya gk jha mumbai se,positive
hin_160,Amazing bhaiya❤❤❤,positive
hin_244,Aapke reply ka intezar rahega bhaiya  Love from muzaffarpur ❤❤,positive
hin_296,bahut he aacha song ka pardarsan kiya aap n badhie like hai asp,positive
hin_542,"Bht khoob,Sbb kch bilkul perfect,story,cast, dialogues,video... wonderfully done",positive
hin_557,"माँ तेरे पसीने की हर बूंद को मोती सा चमकाऊंगा  तु सपने बरे देखना, पूरा करके तेरा शेर, शेरनी दिखाएगा.... 😍😍😍😍😍 jai bihar jai magadh. Jai sk jha sir.. 💕💕",positive
hin_137,Kya bat h 🙏🙏🙏🙏👌👌👌👌,positive
hin_550,MSD ❤️,positive
hin_220,Massssssst bhai re.... Khan sir zindabad...👍🏻👍🏻👍🏻👍🏻👍🏻👍🏻👍🏻,positive
hin_316,आपकी मधुर स्वर की कल्पना कोयल की स्वर से भी नहीं की जा सकती ।,positive
hin_544,"रूडी जी के बारे में पहले जान लो अच्छे से    ये पप्पू यादव कुछ ज्यदा बन रहा है।  तुम सब  अपनी  लोकप्रियता खत्म मत करो  साला जा रहा था, ओसामा से मिलने",negative
hin_404,Bhiya aur chacha ke Pranam 🙏🙏🙏,positive
hin_058,"बेशर्मी का हद है भाई पहले भी इस तरह के अश्लील गीत आते रहे है और फिर से एक गायक ने बेशर्मी का हद पार किया है, लेकिन क्या होगा हमलोग सोसल मीडिया के माध्यम से अपना गुस्सा निकाल लेंगे फिर से सो जाएंगे जैसे आज तक सोते आयें है, 2 या 3 रोज ये ड्रामा चलेगा फिर सब पहले जैसा हो जायेगा, और फिर कल कोई वाहियात गायक कोई नया बवाल लेकर हाजिर होगा, बदलाव हमें खुद में करना होगा।",negative
hin_286,हम नियों की तरफ से हैप्पी होली भैया बहुत सुंदर लग लो गीत सुनके जय बिहार जय हिन्द जय माता जानकी जय भोलेनाथ 🙏🙏🙏,positive
hin_314,Jay mata di jay ho serawali ki🙏🏻🙏🏻🙏🏻🙏🏻🙏🏻🙏🏻🙏🏻🙏🏻🙏🏻,positive
hin_321,Mithila wala geet Jisko pasand hai like karo,neutral
hin_413,"Reg fee :- 1000/- Aur selection ke bad 10,000/- lgega  Lekinn jo bhut garib h wo 10k khan se layega ek hi bar m..... Sir??",neutral
hin_274,jay...mata.di,positive
hin_068,God bless you  poonam mishara  ji jai  mata Rani  jai mithila,positive
hin_503,Khan sir jindabaad. I am sported khan sir,positive
hin_332,भाई हम BSSC 2014 वाला पिरीत जाति हैं🤣,negative
hin_059,सुशांत जी यहाँ निकम्मों और नालयकों की फौज है... न्याय की ऊम्मीद छोड़ना होगा आपको,negative
hin_472,Dil mange more Video,positive
hin_488,Jabrdast jindabad,positive
hin_318,Yahi hai Hamra culture apna Mithila apna Mati Jay ho,positive
hin_230,आप सभी छात्रों की बात एवं समस्या को बहुत ही सुंदर तरीके से चित्रण किया। आप को सभी बेरोजगार भाइयों की तरफ से धन्यवाद।  सरकार की गलत नीतियो के कारण मैं D. El. Ed और Btet  पास होकर भी बेरोजगार हूँ।,mix
hin_287,"माने एकदम गरदा उड़ा दिए। इतना बढ़िया वीडियो, और इतना सुन्दर प्रस्तुति, आंनद आ गया।",positive
hin_505,"जिनके पैर न फटी बिवाई सो क्या जाने पीर पराई अगर आज ये महाशय खुद भी बेरोजगार होते तो ये गीत नहीं गाते बल्कि विलाप कर रहे होते। ""जय हिंद""",negative
hin_260,I have seen you in TVF/TSP . Badi badhiya  kataksh kara hu bhaiyaa ........,positive
hin_577,"अर्ज़ किया है रेलवे , कारखाना ,एयरपोर्ट , खदान क्या-क्या है। मैं सत्ता में हूं, बता अरमान क्या-क्या है। बेच रहा हूं इस देश का तिनका- तिनका , बता ! और कीमती सामान क्या-क्या है  #SpeakUpForSSCRailwayStudents #speakupforteachers #speakupforteachers #speakupforSSCRaliwaystudents#speakupforteachers #यूपी_प्राथमिक_नई_शिक्षक_भर्ती_कबWe want Our Rights.We want justice",negative
hin_393,"गलती किसी का नहीं है , इनको इमरजेंजी होगा ये भाग रहे होंगे और इंजीनियर ने पुल तो बनाया लेकिन जिंदगी भर पुल वैसा ही रहे ये जिम्मेदारी तो वहां के नगर निगम का है और नेताओं का है ,  लेकिन गलती इतना हुआ की ये इमरजेंसी में जानें के वजाय खुद को इमरजेंसी घोषित करने लग गए और इसमें इन दोनों की प्यार की कहानी भी छुपी है क्योंकि दोनों प्रेमी थे न ...... गाड़ी में सिल्ट बेल्ट है जरूरी 🙏🏻",negative
hin_117,बहुत-बहुत धन्यवाद कि आपलोग छात्रों की आवाज को उठा रहे हैं,positive
hin_567,"BP nahi hone ka sabse guaranteed tarika hai pranayam aur dhyan,saath me deshi aur mausmi fal sabji khana.fir duniya ke sabse bare doctor aap swayam hain.limelight baala doctor ko to khud head aur tail ka to much pata hota nahi hai. Aaplog yog pranayam se jore yuvaon ko.",mix
hin_272,Rajiv Dikshit,neutral
hin_337,दुनिया की सबसे बेहतर दवाई है.. जिम्मेदारी एक बार पी लीजिये जिंदगी भर थकने नहीं देगी !!,positive
hin_437,"Yeh CO, BDO hi sirf nhi ghoos le rhe, yaha india mei more than 80% Officer's ghoos lete hai in each and every sector. Very Sad 😥",negative
hin_079,Jai mata di🙏❤ Jai bihar❤ Jai mithilla🙌 Jai dilip darbhangiya👏 All are the best  ❤,positive
hin_512,Nyc voice bhaiya jiyo Bihar ke sher,positive
hin_271,Wah yugal😂😂moj kar di😁😁Tum toh bade heavydriver ho bhai,positive
hin_358,"JAI MAIYA GAYATRI, JAI MATA KAALI, JAY MAIYA GANGA, JAY CHHATHI MAIYA.",positive
hin_140,जियो शेर चाहे आप जहा के भी हो।,positive
hin_580,1000 से अधिक बार सुन चुका हूं लेकिन मन ही भरता है,positive
hin_422,लास्ट दो ball me 10 run चाहिए tha.thoda homework kar ke विडिओ बनाये.,positive
hin_537,Please bhai log Durga ma khatir 1 like ko deya,positive
hin_558,सुन न  भाई जाती जनगणना से जीतना  हिस्से दारी उतना भागी दारी  मिलना चाहिए  👍👍👍👍,negative
hin_397,शानदार👌 और रही बात मीडिया की मीडिया तो सनसनी फैलाना जानती है सनसनी फैलाकर अपनी जेब भर रही है मीडिया से दूर ही रहें सुखी रहेंगे,positive
hin_456,Aaj khud ko U.P. wala bolne me bhot Sharm aati hai. Main kolkata me rehta hu par ab U.P. jaane ka mn nhi krta 😭😭😭😭 Itna ghatiya raajniti kahi aur nhi hai.. Aur ham U.P. Bihar waale bangal me v jaatiwad suru kar dete 😭😭.,negative
hin_482,जय माता दी ।,positive
hin_584,Jai bhim jai bhim army jai bharat,positive
hin_186,🙏❤️जय माता दी ❤️🙏,positive
hin_298,घर जाने का मन करता है तो हम मैथिली गीत सुनकर अपना मन बहला लेते हैं।😥,positive
hin_226,JAI MAGADH ⚔️ JAI HIND 🇮🇳 JAI BIHAR ❤️🇮🇳,positive
hin_570,Love you bhut aachh lgta hai,positive
hin_519,"Desh🇮🇳 sarvopari h.. Pel dena h china ko ek dm..,🤣🤣",positive
hin_173,Wah bhai wah aplog dono ke baat sunkar bahut maja aya Khan sir is very great,positive
hin_386,युगल भाई आप दिल जीत लेते हैं,positive
hin_463,पेड़ 🏝️ के पक्के हुए फल पर हर कोई पत्थर मारता हैं। #wesupportkhansie,mix
hin_172,Kaise ho aap,positive
hin_387,Jai karik Maharaj,positive
hin_190,Wah bhaie wah..ek no.maza aagya..jai magadh jai bihar jai hind..HAPPY HOLI from  GAYA👍Yugal kishor bhya to ek no.1🐍,positive
hin_381,Hahahahahahahah....  Mast dialogue tha .... Lunfun dewanand 😆😆😆😆😆😆😆,positive
hin_574,Sk sir ki wajh se aaj Indian railways m h ..prnam sir jee ❤️,positive
hin_282,jay mata di madhav bhaiya bahut nik geet,positive
hin_242,बहुत अच्छा भाई,positive
hin_159,बिहार के लिए सम्मान और भी ज्यादा बढ़ गया 💙❤️ वाह रे बिहार के लाल 🙏  Love and respect from उत्तर प्रदेश,positive
hin_470,*APNA MITHILA AISA KOI DESH KOI SAHAR NAHI JAI MITHILA JAI MAITHILI*,positive
hin_088,Mast h Bhai log,positive
hin_156,Jai. Ho. Jovind. Maharaj,positive
hin_121,Chaple rahaa Guru 😂,positive
hin_526,"Sir neet jee pe dhayan na dijiye Yaha NET ,IBPS RRB PO/ CLERK  ye sab v September me hone Wala hai",positive
hin_252,Ooh wow real life lg rha hai  Aage ka episode kb aayega,positive
hin_449,Hm to Soch rhe h bhai ki isko Nitish ko Tapka diya jaye.,negative
hin_164,Bhiyaa ji ek baar  Khan Sir  ka 🙏🙏🙏🙏🙏,positive
hin_304,"एक आदमी जो बिहार छोड़ दिल्ली में रहने लगा क्योंकि यहां रोजगार नहीं था, लेकिन अपना बेटा को गांव पर ही पढ़ने के लिए छोड़ दिया, छोटा मोटा कोचिंग ट्यूशन का पैसा भेजता था, लेकिन जब गाँव आया तो अपना बेटा को गोली खेलते पकड़ लिया और अब कह रहा है कि उसको भी रहने नहीं देगा गाँव में, पढ़ने के लिए वो भी शहर चला जायेगा।  और ये इंसान दिल्ली में रहने के कारण ही न हिंदी शुद्ध से कह पाता है न मगही कह पाता है, और अब एक और पीढ़ी शहर निकल जायेगी और मगही और गाँव दोनो अकेले रह जाएंगे, फिर से उन्हें कोई पूछने वाला नहीं रहेगा।  ये कहानी थी जिसे शायद इस वीडियो के माध्यम से समझा नहीं पाए, क्योंकि ये बहुत छोटा सा अंश था, बस देखना चाहते थे कि आपलोग समझ पाते हैं कि नहीं?   लेकिन हम फेल हुए आपको इस कहानी की एक भी झलक दिखलाने में। क्षमा चाहेंगे, आगे से थोड़ी और मेहनत से वीडियो बनेगी। और आप लोग मुद्दे से जुड़ पाएंगे।",negative
hin_326,😂😂😂💯💯💯👌👌👍🙏🌹❤🇮🇳 #भागलपुर से,positive
hin_065,हम जहानाबाद जिले के फल्गु किनारे से। फल्गु नदी पर भी एक विडियो बनाइए।,positive
hin_257,bhut badhiya,positive
hin_163,कितना भी पकड़ो फिसलता जरूर है ये वक्त है साहब बदलता जरूर है,positive
hin_261,Sala Sabse bada Patna ka Dalal yehi hi iska language se bhi pta chal Raha 1995 me mobile or WhatsApp tha,negative
hin_311,"Khan sir ab ek naam nhi., emotion bn gaye hai., Sun kar sach m dil ko bahut achi wali feel aati hai.,❤️❤️🙏🙏",positive
hin_086,"कटाक्ष का सबसे प्रिये प्रसारण।  जय मगध, जय बिहार, जय हिंद ।।",positive
hin_434,Swarn ko bi 40% reserved ho seat,negative
hin_359,Bat sahi he bihar me ye kam sab ke ghar pe yahi hota hai,positive
hin_263,देवचंद्र महत्व,neutral
hin_535,मानवता के नाम पे आप एक मिशाल है भैया और आपके बाबूजी को मेरा प्रणाम बहुत बहुत धन्यवाद भैया आपको आप इतने अच्छे वीडीओ बनाते है भैया मै नालंदा के Parwalpur प्रखंड के डुमरी गांव का रहने वाला हूं,positive
hin_465,Lajawab voice bro,positive
hin_400,Very bad jatigat gangana nahi hona chahiye,negative
hin_516,बीच में जन गण मन सुनकर उठकर खड़े हो गए....बाकी वीडियो लाजवाब है ।❤️❤️❤️❤️❤️,positive
hin_222,Banni jhumra aur devi mata jhumra   rakho plz,neutral
hin_262,"आप जैसे योद्धाओं को ढ़ेर सारी सुभकामनाएँ  जिन्होनें हम युवाओं को देश, समाज और सत्ता के मौजूदा हालात का एक नए तरीके से अवगत कराया। और लड़ने को प्रेरित किया।",positive
hin_090,खान सर पाकिस्तानी मुस्लिम के बारे में बोले है तो हमारे हिंदुस्तान के मुस्लिम भाई को इतना क्यो बोखलाय गया है गजब है भाई हमारे हिंदुस्तानी मुस्लिम,negative
hin_471,Bhaiya jab hamara magadhi boys ka 10k subscriber tha tabse follow karai thi ego heart deda bhaiya,positive
hin_528,Ye sb dikhawa  rhta hai coaching ka kuch nii deta hai bss admission ke liye bhid lagwata  hai sare coaching  ..bs ladko ko fsaya  jata hi test ke nam pe,negative
hin_461,Jay mithla Jay Bharat,positive
hin_568,Bhut badhiya Vishwajeet bhaiya chacha ji प्रणाम,positive
hin_238,Bhay stet 2019 ka exam 2020 me hua aur result 2021 me aa gya...Thoda aawaj uthaye taki nitish babu teacher ke jaldi bahal kre....,positive
hin_064,"#SAHARA_INDIA  ऐक समय L.I.C को टक्कर दे रहा था , तब समझ आ गया था की इसमें जरुर कोई लोचा हैं!! इसमें केंद्र सरकार को आगे आने चाहिये..🙏",positive
hin_417,Wah wah wah ... Khoob sundar ❤️❤️,positive
hin_183,🤣🤣 bahut sundar,positive
hin_346,मखदुमपुर नगर पंचायत में सिर्फ पल्या गांव का विकाश हुआ बाकी और गांव के साथ भेद भाव किया गया ।चुन्नू शर्मा अपने गांव पाल्या को केवल विकाश करते है।,negative
hin_451,"बांग्ला हमारी बोलचाल की भाषा न होने की वजह से उच्चारण में त्रुटि होना स्वभाविक है, इसके लिए माफ करें |🙏🙏",positive
hin_248,Jio bhiyea,positive
hin_237,गज्जब विडियो बनाते हो भाई बस एक बात का ध्यान रखो की कैमरा पे ज्यादा ध्यान देते हो आंखे मिला के है बात करोगे तो और अच्छा होगा बार बार क्यू इधर कैमरा तरफ ध्यान देते हो यदि सही बात हो तो भाई लोग लाइक करे जिससे ये भाई का ध्यान इस बात पे जाए,negative
hin_075,Magadh university ka pura poll kholne k liye 👍👍,positive
hin_582,"Platinum family........ खासकर के चाचा जी ज्ञान के भंडार है। हर क्षेत्र के विशेष जानकर है। जिस घर में बुजुर्ग का साया हो, वो घर घर नहीं स्वर्ग है। हम सभी को बड़े और बुजुर्गो का सम्मान करना चाहिए। विश्वजीत भाई बहुत अच्छा लगा आपसे और आपके परिवार से मिलकर। आप और आपके परिवार हमलोगो के लिए प्रेरणा स्रोत है।    धन्यवाद।",positive
hin_555,Bahut achha song,positive
hin_457,"ह भाई, ई मुद्दा पे वीडियो जरूरी रहे, चच्चा पुरा बिहार के सभ नेता लोग को साथ में ले जा कर प्रधान मंत्री जी को शक्ति प्रदर्शन कर आए हैं और लगता हैं १/२ किलोमीटर  के माला बनवाने के लिए बयाना भी दे दिया गया होगा",negative
hin_474,बहुत ही बेहतरीन तरीके से बेरोजगारी के मुद्दों को उठाया आपने। Thanks❤❤❤,positive
hin_249,Jay mahakal,positive
hin_345,"गाने के बोल - उम्दा गाया भी आपने अच्छा है  डायरेक्शन सुंदर , गाने में म्यूजिक थोड़ा और बेहतर हो सकता था ( बैकग्राउंड ), लुकवाइज दोनो परफेक्ट कुल मिलाकर हिट है विश्वजीत भाई , आगे के प्रोजेक्ट के लिए शुभकामना 🌺🙏",positive
hin_427,Khan sir jindabaad 🙏 Khan sir ko tahe Dil se Pranam🙏🙏,positive
hin_328,Vishwajeet bhaiya aise hi aate rahiye aur yugal bhaiya love you both 🙏🙏🙏🙏🙏🙏🙏🙏,positive
hin_305,Khan sir ka pura naam Faizal Khan hai. Balia u.p k rahne wale hain. Really Muslim hain.,positive
hin_062,अति सुन्दर जय मगध जय बिहार,positive
hin_275,Jay maa❤️😘,positive
hin_216,भाई एक दम सही बात हैं कोई फायदा नही होने वाला है  इतने बार  आंदोलन हुआ सब लीपा पोती कर दे रहा है सब😢😢😢😢,negative
hin_523,सोना मे सुहागा ।।  हजमोला के मौसा ।।।।😂😂😂,mix
hin_333,"DRS=dhoni review system, mja aa gya",positive
hin_363,Ram vivah ka isse acchi parsang aur koi nahi hoga awesome thank you so much chachjee,positive
hin_339,behtreen gaana he 💞,positive
hin_093,मन खुश हो गया और ऐसा गीत है तो भेजिए अगर जिरवा तमोलीन के गीत हो तो भेजिए बिनती है हमारा,positive
hin_301,Ahira kitna hai bhaiya,positive
hin_319,Jay jehanabad,positive
hin_295,Hua kya hai,positive
hin_440,बहुत अच्छा...vp भइया कहा गेलखुन,positive
hin_114,"क्या बढ़िया विडियो हैं, हम पूरे परिवार के साथ इस विडियो को देखे, युटुब पर 1,2 विडियो देखे के मिलेगा जवन पूरा परिवार देख सकें। जय मगध जय बिहार‌ ।",positive
hin_151,इतना गरदा कैसे बना देते हैं महराज,positive
hin_184,चाचा एक्टिंग बढ़िया कर ले रहे हैं,positive
hin_152,Bhot khoob ye idea mujhe bhi aya tha bs risk nai le paya .but you will do this ..Bhot wadhia kaam h ye .love from samastipur😊,positive
hin_569,दूर नहीं अब जायेंगे पटना मै पढाई करके अपना जिन्दगी बनाये गे...,positive
hin_500,Sound quality thoda orr achha krte bhaiya..baaki to masstt haiye h...🔥🔥,mix
hin_443,mast geet,positive
hin_554,दिल को छू गया भईया। Regards from darbhanga🙏🙏🙏,positive
hin_144,"Mujhe bhi गुमान है,कि ki mere  mahan desh ka ek mahan lal..... Khan sir....🙏🙏🙏",positive
hin_162,हमें गर्व है खान सर पर.. आज के युग के महान शिक्षक..उनसे पढ़ कर मज़ा आ जाता है। जय खान सर ... जय बिहार .... जय भारत,positive
hin_213,"सर जी आप औरंगाबाद जिला के विनीत को भी पकड़िए, वो प्लास्टिक से पेट्रोल बना दिया है।",positive
hin_436,"हम देशद्रोही नही है। देखो वंदे मातरम ,भारत माता की जय, 😂😂😂",positive
hin_243,"Good luck bro, bahut hi aage jayoge aap👌👌👌👌👌👌👌👌👌",positive
hin_534,Bhai sahab aap bole ki ब्राहमण या राजपूत के साथ रीति रिवाज बदले तो दिखा देंगे  तो अभी क्यों नहीं दिखाना चाहते हैं। आप भी तो वही जो सरकार कर रही है।,negative
hin_533,Agar aese hi VDO aate rhe toh iss Saal ke end tak 1 million subscriber ke pass pauch jaoge .... Love you Bhai ❣️❣️❣️,positive
hin_084,Bhaiya kako block prr ka kalaa jamun aurr kako ka kalakand (vijay misthan bhandar) v bahutt famous hai....ek baar dhyaan dijiye...🙏🙏,positive
hin_285,"सोनू को देनी होगी सैनिक और नवोदय की प्रवेश परीक्षा, नहीं तो बिहार के सारे स्टैंड सोनू और बिहार सरकार के खिलाफ",negative
hin_050,"अब राजा का बेटा राजा नही बनेगा,राजा वही बनेगा जो हकदार होगा।अब जहानाबाद ही स्वच्छता रैंकिंग में नम्बर 1 हासिल करेगा।",mix
hin_134,Jio Yadav ser denger jehanabad SE ❤️,positive
hin_074,यही सोंग रिंकू ओझा जी ने गाया है भोजपुरी में. 25/3/2017 को दोनों ही सोंग बहोत ही अच्छे है भाषा. भोजपुरी v/s मैथली. सलाम कवि जी को जिन्होंने दर्द भरा ये सोंग लिखा 🙏,positive
hin_053,Wah wah 🤣,positive
hin_453,विश्वजीत बाबु दोनों जबरदस्त। बस अब इंक़लाब की जरूरत है। लगे रहयीए,positive
hin_063,*Bihar ke har ladke me talent he* *Lekin yahan ke neta or officer* *Kisi ko support nhi krta*,mix
hin_182,Pura cricket team ek dusre ke sath test khel rha aur pakistan ganja phunk rha 🤣🤣🤣🤣🤣🤣  Uncle ji ko pranam 🙏 Aunty ji ko v pranam 🙏,mix
hin_307,Harna alag baat hai lekin aisi haar naa hona chhaye tha. Indian team me bahut kami hai  Bahut dukh ho rha hai final me. Aise khelte hai   Such me dil tut gya  😭😭😭😭😭😭😭,positive
hin_219,Bahut aage jaoge bro...isi tarah hasate raho & god bless you,positive
hin_501,नीतीश को वोट देने वाले बिहारी मूर्ख होगा,negative
hin_236,Jai mithla,positive
hin_202,Share karay sb log please🙏,positive
hin_269,Investigation jaruri hai bhaiya फरौड से साबधान,mix
hin_338,"Jay Hind,Jay Bihar ,jay Magadh. Pratiksha me the bhaiya.",positive
hin_235,अत्यंत तीव्र कटाक्ष है बिहार के तत्कालिक व्यवस्था पर किन्तु अफसोस है आंख से अंधे और कान से बहरे सत्ता धारियों को अब भी कुछ फर्क नहीं पड़ रहा !,positive
hin_418,Sir aap hajaron mein ek hai .... aapko koti koti pranam 🙏🙏🙏🙏,positive
hin_085,Jai bhawani 🙏🙏 jai ho Pratap bhai,positive
hin_340,अच्छा चिज दिखाने का काम किए हैं आप इससे आवाम को जरूर कुछ सिख मिलेगी 🙏❤  Keep growing 👍❣😍,positive
hin_198,*Dhoni* koi Sachin Ni h dhoni to dhoni h I love you Mahi,positive
hin_452,Magahi film industry banaiye we supporting we will watch your movie,positive
hin_499,Gjb 😍😍,positive
hin_148,Ye hai asal bhojpuri ❤️🙏,positive
hin_306,Dalalo ka institute.. admission karao or 5000  comission lo,negative
hin_423,😂😂😂😂😂 jay ho❤️,positive
hin_284,"Yes, mera village h silao",positive
hin_247,Shahi bolle bhai,positive
hin_259,Background me kon sa jagah h? Bihar ka hi hai ya khi or,neutral
hin_468,Kaash koi ldkiyo k bare m v itna soche😣😣😣....guru kha se mile ldkiyo ko allow to h nhi bahr rh k pdhne ka,mix
hin_405,अमृत बायोटेक नर्सरी पूर्णिया कॉलेज चौक पूर्णिया (बिहार),neutral
hin_541,Bhaiya Khan sir ka v ek bar interview lijiye,positive
hin_506,सरकार से कठिन प्रश्न पूछना और सरकार की अच्छी नीतियों का खुलकर समर्थन करना यही एक कलाकार की भूमिका होनी चाहिए। मगधी बॉयज और मगध टाइगर का बहुत बहुत धन्यवाद । 💗,positive
hin_106,Bahe babut dimag kharab thaa abhi duty se aaya hu   But  Aapka video dekh ke bahut hi sakun Mila Or Bahut hi maja aaya   Bahut khub aap dono dost bahut aache ho   Aapki dosti bane rahe ki   Ham sab ke pas esi tarah ka video dekhne ka mile   Atisundar  Bhai 🙏🙏🙏🙏🙏🙏,positive
hin_538,Funny moment:- Hmare pura khandan m kisi ne lv mrg nhi kiya h...🤣🤣 Perfect ❣️ Awesome 😎,mix
hin_445,Manjay Lal yadav,neutral
hin_419,जय हिन्द,positive
hin_189,Jhakash holi geet,positive
hin_556,Mast songs,positive
hin_344,chacha ka entry to jabardast tha....maximum k ghar mein yehi haal hai...bahut acha sandesh diye hei aap dono ne...,positive
hin_278,Jay mata Di 🙏🙏🌹🌹,positive
hin_325,भैया आपका इस टाइप का वीडियो जब जब आता है ना दिल और दिमाग दोनों में खलबली मचा जाता हैं,positive
hin_145,Like button for sab loOl hai❤❤❤,negative
hin_380,Lajwab bhai..  Bht badhiya tarike se pesh kiye ho bihar flood ko 😂😂,positive
hin_221,FAV LINE ❤️👇 RUPPEEYA KITNA BHI BDA HO JAYEGA RHEGA TO DOLLAR 💵 KE NICHE HI NA,positive
hin_398,आप भी अपना ध्यान रखें ।। इस वीडियो को क्षेत्रीय भाषा मे अपलोड करने के लिए धन्यवाद।। जय श्री कृष्ण।।💐💐,positive
hin_052,पप्पू यादव पर भी वीडियो बनाइए  👍👍👍🇮🇳🇮🇳🇮🇳,positive
hin_355,Bahut acha bhaia maghi language ka badawa ker rahe hai.....jo aaj kal is language ki kami ho Rahi hai... Log ab is boli Ko nahi bol rahe hai...ghar me sab standard ke chakar me isko chodker hindi me hi baat ker rahe hai...,mix
hin_378,Yas dhaniya 😂😂😂😂😂😂,positive
hin_424,Pahle to bssc ka hi exam hona chahiye kyu ki vacancy bahut purana hai or exam ka date to pahle bssc diya tha isliye date bpssc ka badhana chahiye,positive
hin_280,😂😂hamare idher v kota se log late h black me chawal or gehu,negative
hin_439,भाई हम भी फस चुके हैं यह मैटर में हमें भी बोल रहा था कि हम पटना से बोल रहे हैं और  हम आर्मी तो हमें मे जॉब करता हूं हमें भी फोन लेना था तो हम बोले कि भाई हम आ जाते हैं पटना ही और लेंगे तो वह नहीं तैयार हुआ तो हम समझ गए कि साला एक फ्रॉड है,positive
hin_270,सभी को धन्यवाद 🙏 Take care,positive
hin_255,Jay Govind ganinath Ki jay,positive
hin_408,बहुत जल्द आप शिखर पे पहुँचने वाले हैं   100000 subcriber होने वाला है  भाई लोग जल्दी पुरा करो  जय बिहार जय मगध जय बेगूसराय 💪💪💪,positive
hin_507,Bhut acha laglwa bhai aysi he social cause  p video banwa👌👌👌,positive
hin_179,Ek Do Guruji Gaya Hai Samastipur se marne wala Jo Manav Ke Geet Gaye vah gana chahie mere ko abhi just,neutral
hin_246,Jay baba Karik maharaj,positive
hin_552,मुझे ये गाना सुन के शादी करने का मन ही करता है 😅 आपको कैसा लगता है ❤,positive
hin_442,RAHMAN SIR WALE CLASS KA VIDEO UPLOAD KR0 YAR,positive
hin_107,Jay shiv guru,positive
hin_480,न लाश,negative
hin_126,Wah kitni mithi aawaj h aapki Poonam g,positive
hin_411,Wahh🔥🔥🔥,positive
hin_336,देख भाई बकबाश विडियो नहीं बनाना please 🙏🙏,positive
hin_241,Bhut khubb aaj jo v bole h aap..  Bilkul sahi or whn savi cheezo ka bahiskaar kare..  China ki maa ka bhosra..,negative
hin_527,gajab 💕💕💕,positive
hin_334,अभी भाई हम आपका वीडियो का इंतजार कर रहे थे 🙏,positive
hin_061,जय भवानी,positive
hin_320,"जय ख़ान सर,जय मगध,जय बिहार,जय भारत मां। जय हिन्द, वन्देमातरम।",positive
hin_206,"रोजगार की भारी कमी , विद्यार्थी  के लिए बहुत बड़ा सरदर्द । बिहार युवा की हालत भी सुशांत सिंह राजपूत जैसी हो गई है।। काबिलियत है ,पर देगें नहीं ।",negative
hin_324,Jai. Shree ram,positive
hin_322,मै अभी मात्र 16 साल का हूं लेकिन मैं अभी तक 50 पेड़ से अधिक लगा चुका हूं👍👍,positive
hin_467,Bahut dukh ke bat hai bhai,negative
hin_139,lo,neutral
hin_209,जो 👷मेहनत पर भरोसा करते हैं वो 😴 किस्मत🤦 की बात नहीं करते हैं,negative
hin_572,Jay karikh pajiyar,positive
hin_264,Bullet or khassi ka dedication dekh ke maza aa gya.,positive
hin_509,Aap bhi साथ आए accha laga,positive
hin_168,Mast hai bhai 🤣,positive
hin_174,Chandan Yadav jitwarpur samastipur,positive
hin_083,Trp chahiye bhaiya,positive
hin_223,Bahut khub 🙏🙏,positive
hin_329,Jio bhaiya ji,positive
hin_155,बहुत बढ़िया बहुत बढ़िया जितने भी कलाकार भाई है ना उसको हार्दिक दिल से अभिनंदन पूरे मिथिला वासी की ओर से बहुत बड़ा प्यार भरा नमस्कार,positive
hin_369,Aag lga diye bhai  🔥🔥🔥,positive
hin_420,Bahut sundar 😍,positive
hin_406,"Nukari ka ky karo ge bhai mandir ban raha ha na, 370 khatam ho gy na, muslim dar raha ha na ab ky chhahea.😂😂",negative
hin_082,2020 main kaun kaun dekhta hai yah nach,positive
hin_317,Gumh -gumh ke video bnane se AAP Kya sochte hai ki aap famous ho. Jayiga 🙏🙏🙏 tab aap galat sochte hai ye BIHAR hai yaha 1 bihari 💯 par bhari hai 🙏🙏,negative
hin_072,Kya सूटिंग किए हो भाई,negative
hin_310,Mast hai bhai,positive
hin_203,Kon kon sun rahe ho 2020 me bhai log ye gana mere Bachpan ke hit song hai 🥰🥰🥰,positive
hin_581,भाई आपको दिल से नमन 🙏 पर्यावरण पर लेक्चर देने वाले यूट्यूब पे बहुत मिलेंगे पर आपके जैसा सोचने वाला बहुत कम। जय हिन्द जय भारत 🙏,positive
hin_112,"No any power is greater than student power 💪 Ye to sarkar ko tabhi pata chal gya jab man ki bat par itane dislike mile 😂😂😂,, Aap log Google par search kariye "" Who is the most foolish pm of the world "" pata chal jayega ,, ab to Google ne bhi decide kar diya 🤣🤣",mix
hin_578,साफ सुथरे गीतों की जो परंपरा आपने बचा रखी है उसके लिए साधुवाद। वरना तो भजन भी फिल्मी तर्ज और डिस्को धुन पर बनने लगे हैं। जो मिठास आपने दिया वो बहुत कम बच गया है। ईश्वर आपको लंबी आयु और स्वास्थ्य दें। जय श्री राम,positive
hin_450,भाई तू तो और दिल खुश कर दिया। आप भी खान सर से कम नही ज्यादा ही हो भाई अब आपका कोई वीडियो नही छूटेगा।,positive
hin_579,Corona ke wajah se sirf rona aa raha h 😢😢,negative
hin_239,कौन कौन 2022 मे इस गाना को सुन रहा है भगवान उनकी माता पिता के लंबी उम्र दे जय हो,positive
hin_365,भाई दिलीप मंडल का tweet चेक कर लो और लक्ष्मण यादव का भी tweet चेक कर लो।,positive
hin_444,बहुत खराब है बहुत खराब है इतना खराब है इतना खराब है कोई बनाएगा ही नहीं कोई से देखेगा भी नहीं,negative
hin_191,Jai ho chacha,positive
hin_484,आपका display का lite jal gya🤓 call  nahi laga tha 🤩🤩,positive
hin_154,Jabardast bhaiya👌👌💯💯🙏🙏,positive
hin_131,आप सभी को मैं दिल से सलाम करता हूं जय हिंद जय भारत,positive
hin_101,आप ही लोग कहते हो बिहार में रोजगार नहीं है क्योंकि लोग इन बाबा के चक्कर में परे रहते है जिस से लोगो का कुछ होना जाना नहीं है और अफसोस की बात यह है कि आप जैसे इतने अच्छे चैनल ये सब चीज का प्रोमसन करते है।,negative
hin_475,अद्भुत 👍👍👍,positive
hin_462,लगे रहो भईया जी हम सब आपके साथ हैं।❤️❤️❤️❤️❤️,positive
hin_133,Bohat achha,positive
hin_098,Modiji ji ko mahan banane ki bharpur koshish ki h aapne 😁😁🤗🤗. 🤨🤨,positive
hin_466,Mast👌👌👌🤣🤣🤣😘😘❤❤,positive
hin_273,Jai durga maiya,positive
hin_583,Bihar me nhi milta h scholarship aur credit,negative
hin_566,Hindi v thoda bich bich m 😁hojaye to.. Samaj m aajega... Ar a66e se😀,positive
hin_123,बिहार का नाम आप लोग रोशन किए हैं,positive
hin_194,"Ye Govind jee mharaj hi Krishna jee hai kya, please hme koi samjhaye",positive
hin_389,एक राफेल मंगल पांडेय पर  best punch,positive
hin_563,ये सब डायलॉग add  कीजिये।  01- मन न लगित हई।  02- दिमागबे हऊ चौरा तब समझबए का........  03- लिख लोरहा पढ पत्थर।,neutral
hin_330,Bilkul bhaiya,positive
hin_128,Aapka bhajan man moh leta hi,positive
hin_545,ye gana sabse best hai ye gana mein 2019 mein bHi sun rahi hu🙅🙅🙏🙏,positive
hin_104,Jai yahil mata🙏🙏🙏🙏🙏,positive
hin_294,"Jai shree ram... 🚩🚩 Jai mithila, jai maithili 🙏",positive
hin_187,विश्वयुग को एक बार फिर से साथ देख के मजा आ गया भाई।।,positive
hin_429,Mangru bhai ka mast comedy hai bhaiya,positive
hin_119,कौन कौन चाहता है कि मनीषा को न्याय मिले कृपया इस पोस्ट को लाइक करें सब्सक्राइब करें इस चैनल को आपका बहुत-बहुत धन्यवाद आपका दिन शुभ हो 🙏🙏🙏🙏🙏🙏🙏,positive
hin_051,ये गाना बार बार सुनने के बाद भी मन नहीं भरता है. जय मिथिला जय मैथिली,positive
hin_476,Wah ghajab bhai,positive
hin_138,Ekdam sandar bhaiya jeee,positive
hin_464,LIPI SINGH KO FANSI HONI CHAHIYE,negative
hin_150,"ये झारखंड है, भईया यहां रोजगार और नियुक्ति संबंधी बात बोलना सरकार को बेकार लगता है।छात्र के संबंधी बात केवल चुनाव में बोला जाता है।झारखंड सरकार कब होस में आएगी अपना वादा कब पूरा करेगी।",negative
hin_196,🙏🙏नमस्ते प्रनाम हर हर महादेव 🙏🙏 हम मैथली गायक गौरव ठाकुर दिल से प्रनाम हमरा एक नया चैनल ओपन हूआ है🙏🏾❤️❤️,positive
hin_312,आओ मेरे देश के नौजवानो मिलकर इन नेता वो की उनकी औकात दिखाते है...... #spaekupforsscrailwaystudents,neutral
hin_254,बहुत मस्त  अगला मनेर का लड्डू   मनेर स्वीट्स मधुबन स्वीट्स।  लग रहिये।,positive
hin_481,Apne फान ko v Ek jati m aad kar dijiye supar hero,positive
hin_342,कामेडी बहुत अच्छा करती।,positive
hin_511,बड़ी बारीक शब्दों औ अपने मधुर स्वर से दिल जीत लिये आप दोनों 👌👌,positive
hin_331,अगर पप्पू यादव आरजेडी के साथ देते  ता ऐसा नहीं होता,positive
hin_288,Lipi singh  R a * * i   hai 😄😂,negative
hin_127,कोरोना महामारी के दुष्प्रभाव के चलते D.EL.ED 2018-20 के सभी प्रशिक्षुओ को CBSE की परीक्षाओं के तर्ज पर ही आंतरिक मूल्यांकन के आधार पर फाइनल वर्ष की परीक्षा का रिजल्ट घोषित किया जाए और इस नियोजन में सत्र 2018-20 के CTET पास अभ्यार्थियों को मौका दिया जाए।,negative
hin_153,"जय हो मगहिया....  जब भी कोई कांड देश मे होता है,आप दोनो के वर्णन का इंतेजार रहता है। 😂😂😂",positive
hin_446,Sir please aur videos layiye..kaafi acha sikha rhe aap,positive
hin_256,Chacha ji teacher hain....,positive
hin_309,He bhagwan iss vipda se sabko  bachaye❤️,positive
hin_297,बिदेह राज राजा जनक जी कि जय जनक नन्दनी माता सीता जी कि जय 🌹🌹राजा राम चन्द्र जी कि जय 🙏🙏,positive
hin_385,hamare desh kitna mahan hai kitna culture hai kitna language hai sab mil jhulke rahete hai,positive
hin_356,Love you love you bhaiya 🙏🙏     Magadh ko aur prachar prasar kijiye bhaiya 🙏,positive
hin_565,Ek dum sahi kaha aapne ! Hum aapke saath hai! Aap padhana jaari rakhiyega 🙂,positive
hin_077,"लागत है नरेंद्र मोदी का नेटे पैकवा ख़तम हो गया होगा, ईहे वज़ह से ट्वीट नहीं आया होगा। अंबानिया से बात करे के पढ़ेगा नेट पैक खातिर।",positive
hin_335,अत्यंत मार्मिक,positive
hin_071,Bahut majja aata hai bhai aapka video dekhne me💕💕💕,positive
hin_571,कुछ दिन पहले tribac blue अच्छा था। और आज jupiter जय हो advertisement....... students के लिए ये अच्छी बात नहीं है,negative
hin_469,Magadhi boys 💪💪,positive
hin_217,"ए हो भैया हम लोग तोहार वीडियो बड़ी प्रेम से देख ही yo ,भाई कम से कम अपना वीडियो  के माध्यम से rapist ke khilaf आवाज उठा हूं Taki jan jan tak e message pahunchai  और लोग जागरूक  होवै एकर खिलाफ है एगो क्रांति लावे के जरूरत है समाज में सरकार से उम्मीद nai   करहु  सत्ता और  सिस्टम  सब के सब  इंवॉल्व है और अब खुद युवा के आगे बढ़े पड़तै, सरकार और सिस्टम के रवैया  देख के दिल और दिमाग में जे ज्वार भाटा उठ रहले  ह भईबा त  समाज में  क्रांतिकारी  हि न पैदा होतै और ई क्रांतिकारी सबसे पहले सिस्टम और सत्ता में बैठे लोग के गांड मार लेतै एकरा में पुलिस भी आ गईलो और  तब भी जाकर समाज वाला कहतै फलना के गलती है काहे की सिस्टम वाला के सामने  समाज  भी   बिक चुकले ह बोलहु चाहे सिस्टम के डर ई समाज में युवा ही है जे की सिस्टम  सुधार सक है त Yahi से कहल जा है क्रांति ही प्रगति है युवा ही प्रगति के  मार्ग है",mix
hin_425,mast program bgai,positive
hin_231,Jo jo apni  pyari ankho se comment padh rahe hai ..Chati maiya usko aur uske mata pita ke jiwan me khusiya bhar de .,positive
hin_382,जय हो भोला जी..!!🙏,positive
hin_303,बहुत ही सुन्दर प्रस्तुति 💖,positive
hin_498,"आपलोग सही का भरपूर साथ देते हैं, दिल से धन्यवाद।",positive
hin_171,Chacha prnam 🙏🙏🙏🙏,positive
hin_525,Yugal bhaiya ki Acting mast hai.  लंपट 🤣🤣,positive
hin_485,"जो लोग वीडियो 2020 दुर्गा पूजा में देख रहे हैं, like kre👍 जय मिथिला ",positive
hin_459,Ek bihari sabpe bhari,positive
hin_522,Jai maa❤️🙏💐🌺,positive
hin_276,जय बाबा कारिक एक हाथ में चंदन एक हाथ में करीखा 🙏,positive
hin_113,best song 🌹 साथ अगर दोगे तो मुस्कुरायेगे जरूर प्यार अगर ❤️ दिल से करोगे 🌹 तो निभाएंगे जरुर 🙏 कितने 🙏 भी कांटे क्यों ना हो 🪓 दोस्ती की रहो मैं आवाज़ अगर दिल से दोगे 🌹 तो आएंगे जरुर 🙏 Very much🙏👍🏿👍🏿👍🏿👍🏿 Gjb👈,positive
hin_455,"बहुत ही अच्छा वीडियो है , मजा आ गया देख के। episode - 2 का वेशवरी से इंतजार है❣️❣️😍😍👌👍",positive
hin_212,"नेता-मंत्री,अफसर पर कोई टीपा-टिप्पणी नहीं करेगा, लेकिन नेता-मंत्री,अफसर आपको भर दम गरिया सकता हैं",negative
hin_290,Har-Har Mahadev.,positive
hin_094,Miss u ms❤️,positive
hin_116,Aap Dino Bihar k youth k Icon ho Bhai Sahab we luv u Jai Bihar  Jai Magadh,positive
hin_559,हमलोग हिंदुस्तान बासियो खान सर को सपोर्ट करता हूं अगर इनको वीडियो से किसी को दुख पहुंचता है तो किरप्या करके वो पाकिस्तान या चीन 😭 हुए चले जाए महान भारत देश से🙏,negative
hin_229,जय जय सूर्य नारायण भगवान जी दिनकर आयुष्मान महाराज भगवान देव जी छठी मैया छठ भगवान छठ पूजा जी चैती छठ पूजा जी नहाय खाय जी के चरणों में कोटि कोटि प्रणाम नमन समर्पित आज के शुभ अवसर पर दीर्घायु लंबी उम्र निरोगी काया अवधि जीवन दीजिए यात्रा रिपोर्ट सकुशल करके पेट दांत सांस गला मुंह कान छाती या अन्य बीमारी कठिनाई हरके और हम मोटा हो जाए ॐ नमः शिवाय ॐ सूर्याय नमः ॐ हीं श्रीं आं ग्रहधिराजाए आदित्याय नमः दिव्यम गंधाडय सुमनोहरम😊😊🙏🏻🙏🏻🥺🥺,positive
hin_341,Gjjjjb 👌👌👌,positive
hin_547,"मैं बेरोजगार हूं क्योंकि- झुमका भी नहीं गिरा उतना बरेली के बाजार में, जितनी GDP गिर गई है BJP की सरकार में... इन सभी tags को सभी social media app पर viral करें #SpeakUpForSSCRailwayStudents #SpeakUpForSSCRailwaysStudents #SpeakUpForUnemployment #BoycottFakeMedia #BeTheMediaYourselp #IAmUnemployed #WeNeedAJob #SpeakUpForSSCRailwayStudents #BOYCOTTSSCCHAIRMAN #SSCdeclareCGLresults #SpeakUpForSSCRailwayStudents #BOYCOTTSSCCHAIRMAN #SSCdeclareCGLresults",negative
hin_251,2022 Mai vhi kon kon iss song ko Sunna Raha hai,neutral
hin_125,"love you khan sir, ap chinta mt kijia pura desh apke sath h, aap YouTube khol ke dekhiye kch logo ko chor kr pura desh ap ke support me h love you sir ❤❤",positive
hin_323,Bihar ke sher 💪💪💪🙏🙏❤️,positive
hin_586,आज मैं कसम खाता हूं कि जब तक मैं अब अपना मंज़िल पा ना लूं किसी से भी फालतू का नहीं बकवास करूंगा आज से किसी गलत बात को ना तो देखूंगा ना ही सुनूंगा । भारत माता की जय!,positive
hin_549,Bhai .. aap sk Jha sir k sath accha video bnate h .. hassi wala 😀😀,positive
hin_097,बहुत मजा आता है ये गाना सब सुनने में अपने घर की याद आ जाती है,positive
hin_141,जाने कहां और कौन सा देश चल गए ना कोई चिट्ठी यूं ही बिना बोले कौन से देश चल गए।🙏😭😭😭 Miss you #SSR,positive
hin_370,2019-22 session ka exam abhi part 1 ka hua hai  Jo ki ab tak final hona chahiye tha  BARBAD KAR RAHA HAI MAGADH UNIVERSITY,positive
hin_353,40 का किताब 100 7 का बैच 50  25 का टाई 110 38 का डायरी 110  250 का शर्ट 480  Addmission ke name पर 10000 Pvt school ke nam par loot,negative
hin_517,"Mere purvaj bihar se the, mujhe bihar aur vaha ki language ka jyada kuchnahi pata tha, apke videos se mujhe apne purvajo ke bare mei janne ka mauka mila...bahout bahout dhanyavad.",positive
hin_201,बहोत जबरदस्त युगल 👍👍👍.... आगे के part का भी इंतजार रहेगा ♥️♥️,positive
hin_188,"Keep working, keep growing, aapka humor natural hai",positive
hin_253,मोदी जी जो आपने धोखा किये है student के साथ जीवन भर याद रखेंगे 3 साल हम सब  का बर्बाद कर दिया,negative
hin_412,jai mahadev,positive
hin_390,"Ha yaar yugal bhaiya ,,. Mere papa ek teacher hain aur block me baar baar jane ke baad bhi salary sanction nahi ho raha tha , 50000rupya mang raha tha , lekin pure ek saal ke baad ab jakar paise mile hain",negative
hin_129,Bahut nik maithili movie or thora action hota to jada achha lagta,positive
hin_497,Chandravanshi family ki or se doctor uncle ko thanks,positive
hin_564,Bhaiya aaplog chhat puja m aurangabaad ka dev ka Suryamandir ka video banaiye  Wahan pr bohot hi accha hota h .,positive
hin_218,"आप लोग बहुत ही अच्छा कर रहे हो और भी अच्छे की उम्मीद है आप दोनों से, मेरा सुझाव है की आप हसी मजाक में समाज के मुद्दे को रखिए, देश के मुद्दे को रखिए। जैसे दहेज, मृत्यु भोज आदि बहुत सारे मुद्दे है। बेस्ट ऑफ लक। लगल रह।",positive
hin_277,"मेरा आप अब से निवेदन है कि आप अपने वोट को व्यर्थ ना जाने दे, जिस दुष्टो ने ऐसा काम किया है उन्हें बायकाट करे ना की बिहार इलेक्शन को।",mix
hin_136,Different chhai Angika of Ang Pradesh Bihar  Jai Ang Jai Bihar Jai Hind,positive
hin_415,Khan sir jindawad 🙏🙏❤️❤️,positive
hin_056,"मिताली दीदी को बहुत बहुत शुभकामनाएं गर्व होता जब सुनने को ऐसा मिलता है,किलिमंजारो,अंकगुवा पर बिहारी फतह किया",positive
hin_504,Kya gaya hi jai ho guru ji very nice dil chhu gya,positive
hin_067,"Nyc words you use भैया G🙏🙏🙏 पर क्या करें  ,   MERA BHARAT MAHAN 😔😔😔",positive
hin_435,Jay bholenath ki Jay,positive
hin_351,Aache mudde uthate ho best you Tuber ho bhai  Good,positive
hin_199,Bahut sundar,positive
hin_402,Jay maa Durga,positive
hin_066,सुनो गौर से India वालो! घर के आगे garden लगा लो! Garden के आगे गेट लगा लो! गेट के आगे होंगे हम नेपाली😜 ओऊ शाब जी,negative
hin_546,🙏Jay shree Ram 🙏,positive
hin_207,😔😔🥺🥺mujhe meri didi ki yaad aa gai 😔 I love this song 💓,positive
hin_357,23 मिनट का video देखने में एक बार भी बोर नही हुए आप लोग ने अच्छा काम किया है इसके लिए बधाई के पात्र है।,positive
hin_395,Chor corrupt lobby......India me sabse jayda jaroori hai beuraucrats ka privatisation....inka jaroori hi nhi hai.....pura mechanism privatisation hona chahiye under govt guidelines,negative
hin_178,Rajauli nawada aayiye bhaiya yaha ka balusahi bahute famous hai,positive
hin_292,bhaiyaaaa bht aacha lgta hai apka viddeo dekh ke .....love from patna,positive
hin_115,mast hay,positive
hin_360,Bas aap hi ka intezar tha😭😭😭😭,positive
hin_265,Bahut badhiya geet hai   👏👏🙏🙏,positive
hin_228,Lockdown के बाद जायेगे ❤️❤️❤️,positive
hin_122,Jio my lion,positive
hin_205,"मस्त स्क्रिप्ट लिखा गया है,,,,जय हो आपकी ये सुशांत सिंह राजपूत को दी गई श्रद्धांजलि यादगार रहेगा।।।",positive
hin_560,Om namay Shivaay...,positive
hin_576,वैसे  CO और BDO  का भी वीडियो बना कर अपलोड किजिए बात करते समय या घुंस लेते समय  तब कमीनों समझ में आ जाएगा,negative
hin_371,*keh ke le liya bhai ne*..😂,negative
hin_089,How sweet 😍🥰....i was thought ki all boys r same...bt yrr i was wrong......i ❤️ my Bihar 🌈❤️.....bihari log ke pas dil bahaut bra hta h👍👍👍❤️❤️❤️❤️,positive
hin_432,Jai Shree ram 🚩 🚩 bhiya,positive
hin_143,इस विडिया के लिये जितना लाइक करू उतना कम है भैया जी,positive
hin_403,आओ मेरे देश के नौजवानो मिलकर इन नेता वो की उनकी औकात दिखाते है...... #spaekupforsscrailwaystudents #मैं_हु_बेरोजगार,negative
hin_146,आपके द्वारा बनाई जाने वाली प्रत्येक वीडियो दिल को छू जाती है  लव यू विश्वजीत भाई,positive
hin_348,Jai mata di,positive
hin_502,"बिहार का पुनर्जागरण हो रहा है ,धन्यवाद मगधी चैनल",positive
hin_293,ट्रैन में बिहारी लोगों के सफर का वीडियो बनाओ मज़ेदार  और यात्रा के दौरान होनेवाले दिक्कतों को बिहारी लोगों को कैसे सामना करना पड़ता है।,positive
hin_092,Lage raho bhai ❤️❤️❤️❤️parnam karet hio Jehanabad se,positive
hin_483,बहुत अच्छा वीडियो,positive
hin_416,This is the best message for society. Thanks bhaiya aap dono hundred percent sahi bole ye video banana bhut jaruri tha.,positive
hin_368,बहुत बढिया भाई लगे रहो हमलोग आपके साथ है जय बिहार,positive
hin_176,हमारे खान सर वर्तमान के A.P.J अब्दुल कलाम है 🙏🙏🙏🙏🙏🙏 जय हिंद ❤️❤️🇮🇳🇮🇳🇮🇳🇮🇳🇮🇳,positive
hin_099,अब सभी छात्र मिलकर सभी news chanal को report kare क्योंकि  करीना pregnant हूई breaking news बानाकर दिखाता है । हमने trend kiye twitter pr #speakupforSSCRaliwaystudents  थाली बजाए।  ये सब नही दिखाता है क्या ?  Comments नही करे इसलिए commentbox off  kr diya is pr ek vedeo hona chahie,positive
hin_281,जबरजस्त ...! आज के व्यावसायिक जगत में प्राइवेट स्कूल वाले खुब लूट खसोट मचाए हुए हैं..,negative
hin_433,बहुत ही अच्छा प्रयास किया है आप दोनों भाइयों ने महिलाओं की शिक्षा और उनके हक के लिए।,positive
hin_095,"Student credit card scheme accha hai par website pe 15 days likha h third party verification k liye,par yaha mahina ho jaa raha hai , verification ho tb toh fir loan mile...",negative
hin_536,जम के लिंक शेयर किजीये सभी लोग... आज के आज लिटिश चचा तक पहुच जाना चाहिये वीडियो...magadhi boys to dher sara dhanyawaad...❣,positive
hin_181,Dislike wala  kon hai sb गलती से मिल गया तो कुटा जाएगा   मै जॉब में हूं फिर भी आप्लोगो के साथ खड़ा हूं क्योंकि मैं अपने पुराने दिन बिल्कुल नहीं भुला आज भी याद है वो संघर्ष,mix
hin_561,"चचा टॉप क्लास अभिनय करते हैं।""बंगला मोटर कार दिला दे।""...  व्ही. पी. भैया भी जबरदस्त। ""नीता अंबानी को राजीव गांधी खेल रत्न मिल गया।""😂😂",positive
hin_158,Kya voice h bhaiya... Koi jwaab nhi ❤,positive
hin_169,Community me lelo bhai,positive
hin_492,स्ट्रेचर पे ASI नहीं सरकार की अस्मत है को लूटी जा चुकी है शराब माफियो के द्वारा  बिखरी पुलिस का ताज़ और  बैच नहीं ये प्रशासन और बिहार  सरकार  की पतलून है जो उतर दी गयी है  गृह मंत्रालय अपने पास रखे CM साहब अपने अधिकारिओ के पीटने के बाद भी चुप....  DGP साहब महाराट्र जा रहे रहे थे अब चुप... ASI नहीं पिटे जा रहे हर चोट आपको लगना चाहिए था लेकिन आप चूड़ियाँ पहन बैठे है दोनों....,negative
hin_055,एक acc. तैयार करे हम सब आविष्कार के लिए  दान करेंगे। क्यों कि सरकार के भरोसे हमने वशिष्ठ नारायण सिंह को खो चुके है। ये आगे नहीं होना चाहिए। जय भारत,mix
hin_531,lalbachan kumar darbhanga bihar se.  best song,positive
hin_180,Bahi Mara chnnal Ko subscribe  kar do Bahi,positive
hin_299,मस्त है नाच प्रोग्राम,positive
hin_087,जय माँ गायत्री🚩🚩 जय छठी मईया की🚩🚩🙏🙏,positive
hin_409,Arey koi first comment likhne wala nahi aya abhi tak😂,negative
hin_514,Ek baar IGNOU Patna regional centre k liye bhi video banoo bhai.  Ye log exam time pr toh letey hai but ..copy checking pata nhi matric fail s chek krwa k .hamlogo k life barbaad kr rhey hai.  Kisi s bhi poocho jo IGNOU m admission liya ho ..hm khel rhey hai ..pllzz banoo ek video inka bhi,negative
hin_575,ये जो भाई आप मजाक मजाक में बिहार सरकार की शासन ब्यवस्था पे जो कटाक्ष करते है न । ये उनलोगों पर जोरदार तमाचा है जो सिर्फ अपनी कुर्सी बचाना चाहते है लोगो की जान नही।।।।।। शर्म आती है ऐसी politics पर,negative
hin_551,Ayansh singh pr video bnao भाई ggg🙏🙏🙏🙏,positive
hin_208,Waha bhiyea ❤️❤️❤️,positive
hin_487,Gupteswar sahab to Sushant aur nitish kumar ke piche ghum rahe the .... Aam janta ko kon puchta h,neutral
hin_224,क्या बोले भाई ईस सच्चाई को कोई मीडिया नहीं दिखाते है बिहार को ये क्या हो गया,negative
hin_354,🚩🚩🚩   Nice Bhajan🚩🚩🚩🚩 🙏🙏🙏🙏Jai Mata di🙏🙏🙏 मेरी तरफ से सभी देशवासियों को नवरात्रि की हार्दिक-हार्दिक शुभकामनाएं,positive
hin_347,Tha jo jamin ka sitara aaj vo aasman ka sitara bann gya ....,positive
hin_225,Ap dono awesome ho... Magadhi boys✌️👍❤️,positive
hin_204,राष्ट्र गान के समय मछरदनिए में खाड़ हो गेल हलि हम 🇮🇳🇮🇳🇮🇳🇮🇳🇮🇳🇮🇳 जय हिन्द,positive
hin_530,Mera bhai Waha se padha hai 2017-19 ke batch me.,positive
hin_490,After watching: sahi bol gye chacha ji or Bhai sahab,positive
hin_540,Bahut bhadhiya,positive
hin_372,जिया हो बिहार के लाला 🙏🙏🙏🙏 बिहार में बहार है सुशासन की सरकार है आनंद शंकर सही बोले थे कि लौड़ा के सरकार है 👍👍,negative
hin_250,"Jay Hind,Jay BIHAR",positive
hin_573,हमसे लिखवा के ले लीजिए कि ये चैनल खूब आगे जाने वाला है। खुशी है कि मगही भाषा का प्रचार प्रसार हो रहा है।,positive
hin_478,"यही आंदोलन शुरू कीजिए, अब बिहार बदलना है, घुस नहीं लेना है",positive
hin_458,"चाचा जी को मेरा प्रणाम, चाचा जी का नाम क्या है?",positive
hin_227,Jay govind ganinath baba meri tarafh se sabhi vai or behno halwai caste ko jay baba ganinath 🙏🙏🙏😁😍😍😍😍😍😍,positive
hin_185,Tribac blue is bestttttttt,positive
hin_100,nahi majaaa aaaya  chaaacha ji ko jadaa bolne dijiye,mix
hin_149,बहुत ही सुंदर तरीके से vaccination program के बारे में लोगों को जानकारी दिया इसके लिए आप सभी का बहुत-बहुत धन्यवाद,positive
hin_245,Jai ho karekh baba,positive
hin_170,Sarkar me jo corruption hai uspar boliye . daroga jaise serious issue par comedy mat kijiye.,negative
hin_279,"Wah , kya awaz h ekdum gunj rha h avi tk kaan me ....well done",positive
hin_060,"टैलेंट गया भाड़ मै, ज़ब रूपया हो पास मै जियो हो नितीश सरकार 😊😊😡👍",negative
hin_120,Bilkul right content bhaiya,positive
hin_078,..दिल ❤ छू गया ये वीडियो भाई साहब..          जय हिन्द 🇮🇳🇮🇳,positive
hin_394,सादा.... सच्चा.... सुंदर👌🏻 एक बेहतरीन प्रस्तुति... अपनी भाषा में❤️ सभी कलाकारों को साधुवाद🙏🏻,positive
hin_177,Maithili geet ki baat hi alag h👌,positive
hin_428,सितल। सदाय।। बहुत ही अच्छा है। गीत🎧,positive
hin_438,Aaj kal log apne bhasa ko bolne me jaha shame feel krte H wahi aaplog badi hi utsaah se apne language ko aage badhane ka kaam kr rhe hai... Very good bro...,positive
hin_384,Pura bjp ko jala do sala 🤣🤣🤣🤣🤣🤣🤣🤣🤣🤣🤣🤣🤣🤣🤣🤣🤣🤣🤣🤣🤣🤣🤣🤣🤣😄😄😄😄😄😄😄😄😄😄😄🤑🤑🤑🤑🤑🤑🤑🤑🤑🤑🤑🤑,negative
hin_110,Khan sir ka bhi interview लीजिए bhaiya,positive
hin_562,Hahaha😁😁 Aisan jugalbandi kahi milega thode? Sare log outstanding👍,positive
hin_165,CBI jach karaiye bhai log,positive
hin_426,Khan sir jindabaad India ka number one guru mere Khan sir love you sir hum sab aapke sath hai🇮🇳,positive
hin_515,बहुत सुंदर भगवती के गीत 🌹🙏,positive
hin_313,Dil jeet liya bhai 👍👍👍😘 10 M like hona chahiy bhaiyon 🙏🙏🙏,positive
hin_447,Dhoni Sir ko respect ke saath bolo sayad aapko pata nahi hai dost dhoni Sir ek cheez hai,positive
hin_421,🙏🙏🙏🙏🙏🙏🙏🙏🙏🙏🙏🙏🙏🙏🙏🙏🙏🙏🙏Jai Mata Di🙏🙏🙏🙏🙏🙏🙏🙏🙏🙏🙏🙏🙏🙏🙏🙏🙏🙏🙏🙏🙏🙏🙏🙏🙏🙏🙏🙏🙏🙏🙏🙏🙏🙏🙏🙏🙏🙏🙏🙏🙏🙏🙏🙏,positive
hin_102,Aunty bala best tha😂😂,positive
hin_392,Best video without any cut  Great job bhaiva !,positive
hin_157,Hum 3 saptah pahle hi dekhe hai Bahut badiya hai. Ekdum hum log ki kahani lagti hai. Sab episode ek hi bar me dekh liye hain.,positive
hin_352,ये सच्चाई बताने एक हिम्मत आप बहुत सरल तरिका से बताया।,positive
hin_105,जो जो अपनी प्यारी आँखो से काँमेंट पढ़ रहा है भगवान करे उनके माता-पिता को लंबी उम्र दे।,positive
hin_524,Bilkul Sahi... 👈👈,positive
